<?xml version="1.0" encoding="utf-8"?>
<database>
	<version>0.1.3</version>
    <name>Cute File Browser</name>
	<uri>http://www.apprain.com</uri>
	<description><![CDATA[
		Interactive file browser 
		]]>
	</description>
	<author>Reazaul Karim</author>
	<author_uri>http://reazulk.wordpress.com</author_uri>
	<namespace>auto</namespace>
	<help>
		<![CDATA[
			<strong>Guide line</strong>  <br />
			How to use:<br />
			Upload files:<br />
			-------------<br />
			Upload files by FTP in /component/cutefilebrowser/files/<br />
			Browse Files:<br />
			-------------<br />
			Browse the files like : www.example.com/cutefilebrowser<br />
			User will be able to browse and download files only.
		]]>
	</help>
	<checkfiles>
		<filepath>register.php</filepath>
	</checkfiles>
</database>